Prototype Demo,,,,
2,,,,
1,design-fair.png,,,
2,design-fair2.png,,,
1,100,198,82,15
1,101,248,82,15
1,102,198,132,15
1,103,248,132,15
2,201,34,45,12
2,202,82,45,12
2,203,130,45,12
2,204,178,45,12
2,205,226,45,12
2,206,34,83,12
2,207,82,83,12
2,208,130,83,12
2,209,178,83,12
2,210,226,83,12
2,211,34,176,12
2,212,82,176,12
2,213,130,176,12
2,214,178,176,12
2,215,226,176,12
2,216,34,214,12
2,217,82,214,12
2,218,130,214,12
2,219,178,214,12
2,220,226,214,12
2,221,23,354,12
2,222,70,354,12
2,223,23,394,12
2,224,70,394,12
2,225,200,356,12
2,226,248,356,12
2,227,200,394,12
2,228,248,394,12
2,229,409,24,12
2,230,409,73,12
2,231,409,122,12
2,232,409,171,12
2,233,409,220,12
2,234,409,270,12
2,235,409,319,12
2,236,409,368,12
2,237,409,417,12
2,238,409,467,12
2,239,537,24,12
2,240,537,73,12
2,241,537,122,12
2,242,537,171,12
2,243,537,220,12
2,244,537,270,12
2,245,537,319,12
2,246,537,368,12
2,247,537,417,12
2,248,537,467,12
2,249,697,34,12
2,250,697,83,12
2,251,697,133,12
2,252,697,183,12
2,253,694,306,12
2,254,694,355,12
2,255,694,404,12
2,256,694,453,12
