3,,,,
1,design-fair.png,,,
2,design-fair2.png,,,
3,design-fair3.png,,,
1,100,198,82,15
1,101,248,82,15
1,102,198,132,15
1,103,248,132,15
2,200,362,231,15
2,201,413,231,15
2,202,362,280,15
2,203,413,280,15
3,301,34,45,12
3,302,82,45,12
3,303,130,45,12
3,304,178,45,12
3,305,226,45,12
3,306,34,83,12
3,307,82,83,12
3,308,130,83,12
3,309,178,83,12
3,310,226,83,12
3,311,34,176,12
3,312,82,176,12
3,313,130,176,12
3,314,178,176,12
3,315,226,176,12
3,316,34,214,12
3,317,82,214,12
3,318,130,214,12
3,319,178,214,12
3,320,226,214,12
3,321,23,354,12
3,322,70,354,12
3,323,23,394,12
3,324,70,394,12
3,325,200,356,12
3,326,248,356,12
3,327,200,394,12
3,328,248,394,12
3,329,409,24,12
3,330,409,73,12
3,331,409,122,12
3,332,409,171,12
3,333,409,220,12
3,334,409,270,12
3,335,409,319,12
3,336,409,368,12
3,337,409,417,12
3,338,409,467,12
3,339,537,24,12
3,340,537,73,12
3,341,537,122,12
3,342,537,171,12
3,343,537,220,12
3,344,537,270,12
3,345,537,319,12
3,346,537,368,12
3,347,537,417,12
3,348,537,467,12
3,349,697,34,12
3,350,697,83,12
3,351,697,133,12
3,352,697,183,12
3,353,694,306,12
3,354,694,355,12
3,355,694,404,12
3,356,694,453,12
